,City,CityCode,District,DistrictCode,Ward,WardCode,Level,English,FullAddress
0,Thành phố Hồ Chí Minh,79,Quận 1,760,Phường Tân Định,26734,Phường,,Phường Tân Định Quận 1 Thành phố Hồ Chí Minh
1,Thành phố Hồ Chí Minh,79,Quận 1,760,Phường Đa Kao,26737,Phường,,Phường Đa Kao Quận 1 Thành phố Hồ Chí Minh
2,Thành phố Hồ Chí Minh,79,Quận 1,760,Phường Bến Nghé,26740,Phường,,Phường Bến Nghé Quận 1 Thành phố Hồ Chí Minh
3,Thành phố Hồ Chí Minh,79,Quận 1,760,Phường Bến Thành,26743,Phường,,Phường Bến Thành Quận 1 Thành phố Hồ Chí Minh
4,Thành phố Hồ Chí Minh,79,Quận 1,760,Phường Nguyễn Thái Bình,26746,Phường,,Phường Nguyễn Thái Bình Quận 1 Thành phố Hồ Chí Minh
5,Thành phố Hồ Chí Minh,79,Quận 1,760,Phường Phạm Ngũ Lão,26749,Phường,,Phường Phạm Ngũ Lão Quận 1 Thành phố Hồ Chí Minh
6,Thành phố Hồ Chí Minh,79,Quận 1,760,Phường Cầu Ông Lãnh,26752,Phường,,Phường Cầu Ông Lãnh Quận 1 Thành phố Hồ Chí Minh
7,Thành phố Hồ Chí Minh,79,Quận 1,760,Phường Cô Giang,26755,Phường,,Phường Cô Giang Quận 1 Thành phố Hồ Chí Minh
8,Thành phố Hồ Chí Minh,79,Quận 1,760,Phường Nguyễn Cư Trinh,26758,Phường,,Phường Nguyễn Cư Trinh Quận 1 Thành phố Hồ Chí Minh
9,Thành phố Hồ Chí Minh,79,Quận 1,760,Phường Cầu Kho,26761,Phường,,Phường Cầu Kho Quận 1 Thành phố Hồ Chí Minh
10,Thành phố Hồ Chí Minh,79,Quận 12,761,Phường Thạnh Xuân,26764,Phường,,Phường Thạnh Xuân Quận 12 Thành phố Hồ Chí Minh
11,Thành phố Hồ Chí Minh,79,Quận 12,761,Phường Thạnh Lộc,26767,Phường,,Phường Thạnh Lộc Quận 12 Thành phố Hồ Chí Minh
12,Thành phố Hồ Chí Minh,79,Quận 12,761,Phường Hiệp Thành,26770,Phường,,Phường Hiệp Thành Quận 12 Thành phố Hồ Chí Minh
13,Thành phố Hồ Chí Minh,79,Quận 12,761,Phường Thới An,26773,Phường,,Phường Thới An Quận 12 Thành phố Hồ Chí Minh
14,Thành phố Hồ Chí Minh,79,Quận 12,761,Phường Tân Chánh Hiệp,26776,Phường,,Phường Tân Chánh Hiệp Quận 12 Thành phố Hồ Chí Minh
15,Thành phố Hồ Chí Minh,79,Quận 12,761,Phường An Phú Đông,26779,Phường,,Phường An Phú Đông Quận 12 Thành phố Hồ Chí Minh
16,Thành phố Hồ Chí Minh,79,Quận 12,761,Phường Tân Thới Hiệp,26782,Phường,,Phường Tân Thới Hiệp Quận 12 Thành phố Hồ Chí Minh
17,Thành phố Hồ Chí Minh,79,Quận 12,761,Phường Trung Mỹ Tây,26785,Phường,,Phường Trung Mỹ Tây Quận 12 Thành phố Hồ Chí Minh
18,Thành phố Hồ Chí Minh,79,Quận 12,761,Phường Tân Hưng Thuận,26787,Phường,,Phường Tân Hưng Thuận Quận 12 Thành phố Hồ Chí Minh
19,Thành phố Hồ Chí Minh,79,Quận 12,761,Phường Đông Hưng Thuận,26788,Phường,,Phường Đông Hưng Thuận Quận 12 Thành phố Hồ Chí Minh
20,Thành phố Hồ Chí Minh,79,Quận 12,761,Phường Tân Thới Nhất,26791,Phường,,Phường Tân Thới Nhất Quận 12 Thành phố Hồ Chí Minh
21,Thành phố Hồ Chí Minh,79,Quận Thủ Đức,762,Phường Linh Xuân,26794,Phường,,Phường Linh Xuân Quận Thủ Đức Thành phố Hồ Chí Minh
22,Thành phố Hồ Chí Minh,79,Quận Thủ Đức,762,Phường Bình Chiểu,26797,Phường,,Phường Bình Chiểu Quận Thủ Đức Thành phố Hồ Chí Minh
23,Thành phố Hồ Chí Minh,79,Quận Thủ Đức,762,Phường Linh Trung,26800,Phường,,Phường Linh Trung Quận Thủ Đức Thành phố Hồ Chí Minh
24,Thành phố Hồ Chí Minh,79,Quận Thủ Đức,762,Phường Tam Bình,26803,Phường,,Phường Tam Bình Quận Thủ Đức Thành phố Hồ Chí Minh
25,Thành phố Hồ Chí Minh,79,Quận Thủ Đức,762,Phường Tam Phú,26806,Phường,,Phường Tam Phú Quận Thủ Đức Thành phố Hồ Chí Minh
26,Thành phố Hồ Chí Minh,79,Quận Thủ Đức,762,Phường Hiệp Bình Phước,26809,Phường,,Phường Hiệp Bình Phước Quận Thủ Đức Thành phố Hồ Chí Minh
27,Thành phố Hồ Chí Minh,79,Quận Thủ Đức,762,Phường Hiệp Bình Chánh,26812,Phường,,Phường Hiệp Bình Chánh Quận Thủ Đức Thành phố Hồ Chí Minh
28,Thành phố Hồ Chí Minh,79,Quận Thủ Đức,762,Phường Linh Chiểu,26815,Phường,,Phường Linh Chiểu Quận Thủ Đức Thành phố Hồ Chí Minh
29,Thành phố Hồ Chí Minh,79,Quận Thủ Đức,762,Phường Linh Tây,26818,Phường,,Phường Linh Tây Quận Thủ Đức Thành phố Hồ Chí Minh
30,Thành phố Hồ Chí Minh,79,Quận Thủ Đức,762,Phường Linh Đông,26821,Phường,,Phường Linh Đông Quận Thủ Đức Thành phố Hồ Chí Minh
31,Thành phố Hồ Chí Minh,79,Quận Thủ Đức,762,Phường Bình Thọ,26824,Phường,,Phường Bình Thọ Quận Thủ Đức Thành phố Hồ Chí Minh
32,Thành phố Hồ Chí Minh,79,Quận Thủ Đức,762,Phường Trường Thọ,26827,Phường,,Phường Trường Thọ Quận Thủ Đức Thành phố Hồ Chí Minh
33,Thành phố Hồ Chí Minh,79,Quận 9,763,Phường Long Bình,26830,Phường,,Phường Long Bình Quận 9 Thành phố Hồ Chí Minh
34,Thành phố Hồ Chí Minh,79,Quận 9,763,Phường Long Thạnh Mỹ,26833,Phường,,Phường Long Thạnh Mỹ Quận 9 Thành phố Hồ Chí Minh
35,Thành phố Hồ Chí Minh,79,Quận 9,763,Phường Tân Phú,26836,Phường,,Phường Tân Phú Quận 9 Thành phố Hồ Chí Minh
36,Thành phố Hồ Chí Minh,79,Quận 9,763,Phường Hiệp Phú,26839,Phường,,Phường Hiệp Phú Quận 9 Thành phố Hồ Chí Minh
37,Thành phố Hồ Chí Minh,79,Quận 9,763,Phường Tăng Nhơn Phú A,26842,Phường,,Phường Tăng Nhơn Phú A Quận 9 Thành phố Hồ Chí Minh
38,Thành phố Hồ Chí Minh,79,Quận 9,763,Phường Tăng Nhơn Phú B,26845,Phường,,Phường Tăng Nhơn Phú B Quận 9 Thành phố Hồ Chí Minh
39,Thành phố Hồ Chí Minh,79,Quận 9,763,Phường Phước Long B,26848,Phường,,Phường Phước Long B Quận 9 Thành phố Hồ Chí Minh
40,Thành phố Hồ Chí Minh,79,Quận 9,763,Phường Phước Long A,26851,Phường,,Phường Phước Long A Quận 9 Thành phố Hồ Chí Minh
41,Thành phố Hồ Chí Minh,79,Quận 9,763,Phường Trường Thạnh,26854,Phường,,Phường Trường Thạnh Quận 9 Thành phố Hồ Chí Minh
42,Thành phố Hồ Chí Minh,79,Quận 9,763,Phường Long Phước,26857,Phường,,Phường Long Phước Quận 9 Thành phố Hồ Chí Minh
43,Thành phố Hồ Chí Minh,79,Quận 9,763,Phường Long Trường,26860,Phường,,Phường Long Trường Quận 9 Thành phố Hồ Chí Minh
44,Thành phố Hồ Chí Minh,79,Quận 9,763,Phường Phước Bình,26863,Phường,,Phường Phước Bình Quận 9 Thành phố Hồ Chí Minh
45,Thành phố Hồ Chí Minh,79,Quận 9,763,Phường Phú Hữu,26866,Phường,,Phường Phú Hữu Quận 9 Thành phố Hồ Chí Minh
46,Thành phố Hồ Chí Minh,79,Quận Gò Vấp,764,Phường 15,26869,Phường,,Phường 15 Quận Gò Vấp Thành phố Hồ Chí Minh
47,Thành phố Hồ Chí Minh,79,Quận Gò Vấp,764,Phường 13,26872,Phường,,Phường 13 Quận Gò Vấp Thành phố Hồ Chí Minh
48,Thành phố Hồ Chí Minh,79,Quận Gò Vấp,764,Phường 17,26875,Phường,,Phường 17 Quận Gò Vấp Thành phố Hồ Chí Minh
49,Thành phố Hồ Chí Minh,79,Quận Gò Vấp,764,Phường 6,26876,Phường,,Phường 6 Quận Gò Vấp Thành phố Hồ Chí Minh
50,Thành phố Hồ Chí Minh,79,Quận Gò Vấp,764,Phường 16,26878,Phường,,Phường 16 Quận Gò Vấp Thành phố Hồ Chí Minh
51,Thành phố Hồ Chí Minh,79,Quận Gò Vấp,764,Phường 12,26881,Phường,,Phường 12 Quận Gò Vấp Thành phố Hồ Chí Minh
52,Thành phố Hồ Chí Minh,79,Quận Gò Vấp,764,Phường 14,26882,Phường,,Phường 14 Quận Gò Vấp Thành phố Hồ Chí Minh
53,Thành phố Hồ Chí Minh,79,Quận Gò Vấp,764,Phường 10,26884,Phường,,Phường 10 Quận Gò Vấp Thành phố Hồ Chí Minh
54,Thành phố Hồ Chí Minh,79,Quận Gò Vấp,764,Phường 05,26887,Phường,,Phường 05 Quận Gò Vấp Thành phố Hồ Chí Minh
55,Thành phố Hồ Chí Minh,79,Quận Gò Vấp,764,Phường 07,26890,Phường,,Phường 07 Quận Gò Vấp Thành phố Hồ Chí Minh
56,Thành phố Hồ Chí Minh,79,Quận Gò Vấp,764,Phường 04,26893,Phường,,Phường 04 Quận Gò Vấp Thành phố Hồ Chí Minh
57,Thành phố Hồ Chí Minh,79,Quận Gò Vấp,764,Phường 01,26896,Phường,,Phường 01 Quận Gò Vấp Thành phố Hồ Chí Minh
58,Thành phố Hồ Chí Minh,79,Quận Gò Vấp,764,Phường 9,26897,Phường,,Phường 9 Quận Gò Vấp Thành phố Hồ Chí Minh
59,Thành phố Hồ Chí Minh,79,Quận Gò Vấp,764,Phường 8,26898,Phường,,Phường 8 Quận Gò Vấp Thành phố Hồ Chí Minh
60,Thành phố Hồ Chí Minh,79,Quận Gò Vấp,764,Phường 11,26899,Phường,,Phường 11 Quận Gò Vấp Thành phố Hồ Chí Minh
61,Thành phố Hồ Chí Minh,79,Quận Gò Vấp,764,Phường 03,26902,Phường,,Phường 03 Quận Gò Vấp Thành phố Hồ Chí Minh
62,Thành phố Hồ Chí Minh,79,Quận Bình Thạnh,765,Phường 13,26905,Phường,,Phường 13 Quận Bình Thạnh Thành phố Hồ Chí Minh
63,Thành phố Hồ Chí Minh,79,Quận Bình Thạnh,765,Phường 11,26908,Phường,,Phường 11 Quận Bình Thạnh Thành phố Hồ Chí Minh
64,Thành phố Hồ Chí Minh,79,Quận Bình Thạnh,765,Phường 27,26911,Phường,,Phường 27 Quận Bình Thạnh Thành phố Hồ Chí Minh
65,Thành phố Hồ Chí Minh,79,Quận Bình Thạnh,765,Phường 26,26914,Phường,,Phường 26 Quận Bình Thạnh Thành phố Hồ Chí Minh
66,Thành phố Hồ Chí Minh,79,Quận Bình Thạnh,765,Phường 12,26917,Phường,,Phường 12 Quận Bình Thạnh Thành phố Hồ Chí Minh
67,Thành phố Hồ Chí Minh,79,Quận Bình Thạnh,765,Phường 25,26920,Phường,,Phường 25 Quận Bình Thạnh Thành phố Hồ Chí Minh
68,Thành phố Hồ Chí Minh,79,Quận Bình Thạnh,765,Phường 05,26923,Phường,,Phường 05 Quận Bình Thạnh Thành phố Hồ Chí Minh
69,Thành phố Hồ Chí Minh,79,Quận Bình Thạnh,765,Phường 07,26926,Phường,,Phường 07 Quận Bình Thạnh Thành phố Hồ Chí Minh
70,Thành phố Hồ Chí Minh,79,Quận Bình Thạnh,765,Phường 24,26929,Phường,,Phường 24 Quận Bình Thạnh Thành phố Hồ Chí Minh
71,Thành phố Hồ Chí Minh,79,Quận Bình Thạnh,765,Phường 06,26932,Phường,,Phường 06 Quận Bình Thạnh Thành phố Hồ Chí Minh
72,Thành phố Hồ Chí Minh,79,Quận Bình Thạnh,765,Phường 14,26935,Phường,,Phường 14 Quận Bình Thạnh Thành phố Hồ Chí Minh
73,Thành phố Hồ Chí Minh,79,Quận Bình Thạnh,765,Phường 15,26938,Phường,,Phường 15 Quận Bình Thạnh Thành phố Hồ Chí Minh
74,Thành phố Hồ Chí Minh,79,Quận Bình Thạnh,765,Phường 02,26941,Phường,,Phường 02 Quận Bình Thạnh Thành phố Hồ Chí Minh
75,Thành phố Hồ Chí Minh,79,Quận Bình Thạnh,765,Phường 01,26944,Phường,,Phường 01 Quận Bình Thạnh Thành phố Hồ Chí Minh
76,Thành phố Hồ Chí Minh,79,Quận Bình Thạnh,765,Phường 03,26947,Phường,,Phường 03 Quận Bình Thạnh Thành phố Hồ Chí Minh
77,Thành phố Hồ Chí Minh,79,Quận Bình Thạnh,765,Phường 17,26950,Phường,,Phường 17 Quận Bình Thạnh Thành phố Hồ Chí Minh
78,Thành phố Hồ Chí Minh,79,Quận Bình Thạnh,765,Phường 21,26953,Phường,,Phường 21 Quận Bình Thạnh Thành phố Hồ Chí Minh
79,Thành phố Hồ Chí Minh,79,Quận Bình Thạnh,765,Phường 22,26956,Phường,,Phường 22 Quận Bình Thạnh Thành phố Hồ Chí Minh
80,Thành phố Hồ Chí Minh,79,Quận Bình Thạnh,765,Phường 19,26959,Phường,,Phường 19 Quận Bình Thạnh Thành phố Hồ Chí Minh
81,Thành phố Hồ Chí Minh,79,Quận Bình Thạnh,765,Phường 28,26962,Phường,,Phường 28 Quận Bình Thạnh Thành phố Hồ Chí Minh
82,Thành phố Hồ Chí Minh,79,Quận Tân Bình,766,Phường 02,26965,Phường,,Phường 02 Quận Tân Bình Thành phố Hồ Chí Minh
83,Thành phố Hồ Chí Minh,79,Quận Tân Bình,766,Phường 04,26968,Phường,,Phường 04 Quận Tân Bình Thành phố Hồ Chí Minh
84,Thành phố Hồ Chí Minh,79,Quận Tân Bình,766,Phường 12,26971,Phường,,Phường 12 Quận Tân Bình Thành phố Hồ Chí Minh
85,Thành phố Hồ Chí Minh,79,Quận Tân Bình,766,Phường 13,26974,Phường,,Phường 13 Quận Tân Bình Thành phố Hồ Chí Minh
86,Thành phố Hồ Chí Minh,79,Quận Tân Bình,766,Phường 01,26977,Phường,,Phường 01 Quận Tân Bình Thành phố Hồ Chí Minh
87,Thành phố Hồ Chí Minh,79,Quận Tân Bình,766,Phường 03,26980,Phường,,Phường 03 Quận Tân Bình Thành phố Hồ Chí Minh
88,Thành phố Hồ Chí Minh,79,Quận Tân Bình,766,Phường 11,26983,Phường,,Phường 11 Quận Tân Bình Thành phố Hồ Chí Minh
89,Thành phố Hồ Chí Minh,79,Quận Tân Bình,766,Phường 07,26986,Phường,,Phường 07 Quận Tân Bình Thành phố Hồ Chí Minh
90,Thành phố Hồ Chí Minh,79,Quận Tân Bình,766,Phường 05,26989,Phường,,Phường 05 Quận Tân Bình Thành phố Hồ Chí Minh
91,Thành phố Hồ Chí Minh,79,Quận Tân Bình,766,Phường 10,26992,Phường,,Phường 10 Quận Tân Bình Thành phố Hồ Chí Minh
92,Thành phố Hồ Chí Minh,79,Quận Tân Bình,766,Phường 06,26995,Phường,,Phường 06 Quận Tân Bình Thành phố Hồ Chí Minh
93,Thành phố Hồ Chí Minh,79,Quận Tân Bình,766,Phường 08,26998,Phường,,Phường 08 Quận Tân Bình Thành phố Hồ Chí Minh
94,Thành phố Hồ Chí Minh,79,Quận Tân Bình,766,Phường 09,27001,Phường,,Phường 09 Quận Tân Bình Thành phố Hồ Chí Minh
95,Thành phố Hồ Chí Minh,79,Quận Tân Bình,766,Phường 14,27004,Phường,,Phường 14 Quận Tân Bình Thành phố Hồ Chí Minh
96,Thành phố Hồ Chí Minh,79,Quận Tân Bình,766,Phường 15,27007,Phường,,Phường 15 Quận Tân Bình Thành phố Hồ Chí Minh
97,Thành phố Hồ Chí Minh,79,Quận Tân Phú,767,Phường Tân Sơn Nhì,27010,Phường,,Phường Tân Sơn Nhì Quận Tân Phú Thành phố Hồ Chí Minh
98,Thành phố Hồ Chí Minh,79,Quận Tân Phú,767,Phường Tây Thạnh,27013,Phường,,Phường Tây Thạnh Quận Tân Phú Thành phố Hồ Chí Minh
99,Thành phố Hồ Chí Minh,79,Quận Tân Phú,767,Phường Sơn Kỳ,27016,Phường,,Phường Sơn Kỳ Quận Tân Phú Thành phố Hồ Chí Minh
100,Thành phố Hồ Chí Minh,79,Quận Tân Phú,767,Phường Tân Quý,27019,Phường,,Phường Tân Quý Quận Tân Phú Thành phố Hồ Chí Minh
101,Thành phố Hồ Chí Minh,79,Quận Tân Phú,767,Phường Tân Thành,27022,Phường,,Phường Tân Thành Quận Tân Phú Thành phố Hồ Chí Minh
102,Thành phố Hồ Chí Minh,79,Quận Tân Phú,767,Phường Phú Thọ Hòa,27025,Phường,,Phường Phú Thọ Hòa Quận Tân Phú Thành phố Hồ Chí Minh
103,Thành phố Hồ Chí Minh,79,Quận Tân Phú,767,Phường Phú Thạnh,27028,Phường,,Phường Phú Thạnh Quận Tân Phú Thành phố Hồ Chí Minh
104,Thành phố Hồ Chí Minh,79,Quận Tân Phú,767,Phường Phú Trung,27031,Phường,,Phường Phú Trung Quận Tân Phú Thành phố Hồ Chí Minh
105,Thành phố Hồ Chí Minh,79,Quận Tân Phú,767,Phường Hòa Thạnh,27034,Phường,,Phường Hòa Thạnh Quận Tân Phú Thành phố Hồ Chí Minh
106,Thành phố Hồ Chí Minh,79,Quận Tân Phú,767,Phường Hiệp Tân,27037,Phường,,Phường Hiệp Tân Quận Tân Phú Thành phố Hồ Chí Minh
107,Thành phố Hồ Chí Minh,79,Quận Tân Phú,767,Phường Tân Thới Hòa,27040,Phường,,Phường Tân Thới Hòa Quận Tân Phú Thành phố Hồ Chí Minh
108,Thành phố Hồ Chí Minh,79,Quận Phú Nhuận,768,Phường 04,27043,Phường,,Phường 04 Quận Phú Nhuận Thành phố Hồ Chí Minh
109,Thành phố Hồ Chí Minh,79,Quận Phú Nhuận,768,Phường 05,27046,Phường,,Phường 05 Quận Phú Nhuận Thành phố Hồ Chí Minh
110,Thành phố Hồ Chí Minh,79,Quận Phú Nhuận,768,Phường 09,27049,Phường,,Phường 09 Quận Phú Nhuận Thành phố Hồ Chí Minh
111,Thành phố Hồ Chí Minh,79,Quận Phú Nhuận,768,Phường 07,27052,Phường,,Phường 07 Quận Phú Nhuận Thành phố Hồ Chí Minh
112,Thành phố Hồ Chí Minh,79,Quận Phú Nhuận,768,Phường 03,27055,Phường,,Phường 03 Quận Phú Nhuận Thành phố Hồ Chí Minh
113,Thành phố Hồ Chí Minh,79,Quận Phú Nhuận,768,Phường 01,27058,Phường,,Phường 01 Quận Phú Nhuận Thành phố Hồ Chí Minh
114,Thành phố Hồ Chí Minh,79,Quận Phú Nhuận,768,Phường 02,27061,Phường,,Phường 02 Quận Phú Nhuận Thành phố Hồ Chí Minh
115,Thành phố Hồ Chí Minh,79,Quận Phú Nhuận,768,Phường 08,27064,Phường,,Phường 08 Quận Phú Nhuận Thành phố Hồ Chí Minh
116,Thành phố Hồ Chí Minh,79,Quận Phú Nhuận,768,Phường 15,27067,Phường,,Phường 15 Quận Phú Nhuận Thành phố Hồ Chí Minh
117,Thành phố Hồ Chí Minh,79,Quận Phú Nhuận,768,Phường 10,27070,Phường,,Phường 10 Quận Phú Nhuận Thành phố Hồ Chí Minh
118,Thành phố Hồ Chí Minh,79,Quận Phú Nhuận,768,Phường 11,27073,Phường,,Phường 11 Quận Phú Nhuận Thành phố Hồ Chí Minh
119,Thành phố Hồ Chí Minh,79,Quận Phú Nhuận,768,Phường 17,27076,Phường,,Phường 17 Quận Phú Nhuận Thành phố Hồ Chí Minh
120,Thành phố Hồ Chí Minh,79,Quận Phú Nhuận,768,Phường 14,27079,Phường,,Phường 14 Quận Phú Nhuận Thành phố Hồ Chí Minh
121,Thành phố Hồ Chí Minh,79,Quận Phú Nhuận,768,Phường 12,27082,Phường,,Phường 12 Quận Phú Nhuận Thành phố Hồ Chí Minh
122,Thành phố Hồ Chí Minh,79,Quận Phú Nhuận,768,Phường 13,27085,Phường,,Phường 13 Quận Phú Nhuận Thành phố Hồ Chí Minh
123,Thành phố Hồ Chí Minh,79,Quận 2,769,Phường Thảo Điền,27088,Phường,,Phường Thảo Điền Quận 2 Thành phố Hồ Chí Minh
124,Thành phố Hồ Chí Minh,79,Quận 2,769,Phường An Phú,27091,Phường,,Phường An Phú Quận 2 Thành phố Hồ Chí Minh
125,Thành phố Hồ Chí Minh,79,Quận 2,769,Phường Bình An,27094,Phường,,Phường Bình An Quận 2 Thành phố Hồ Chí Minh
126,Thành phố Hồ Chí Minh,79,Quận 2,769,Phường Bình Trưng Đông,27097,Phường,,Phường Bình Trưng Đông Quận 2 Thành phố Hồ Chí Minh
127,Thành phố Hồ Chí Minh,79,Quận 2,769,Phường Bình Trưng Tây,27100,Phường,,Phường Bình Trưng Tây Quận 2 Thành phố Hồ Chí Minh
128,Thành phố Hồ Chí Minh,79,Quận 2,769,Phường Bình Khánh,27103,Phường,,Phường Bình Khánh Quận 2 Thành phố Hồ Chí Minh
129,Thành phố Hồ Chí Minh,79,Quận 2,769,Phường An Khánh,27106,Phường,,Phường An Khánh Quận 2 Thành phố Hồ Chí Minh
130,Thành phố Hồ Chí Minh,79,Quận 2,769,Phường Cát Lái,27109,Phường,,Phường Cát Lái Quận 2 Thành phố Hồ Chí Minh
131,Thành phố Hồ Chí Minh,79,Quận 2,769,Phường Thạnh Mỹ Lợi,27112,Phường,,Phường Thạnh Mỹ Lợi Quận 2 Thành phố Hồ Chí Minh
132,Thành phố Hồ Chí Minh,79,Quận 2,769,Phường An Lợi Đông,27115,Phường,,Phường An Lợi Đông Quận 2 Thành phố Hồ Chí Minh
133,Thành phố Hồ Chí Minh,79,Quận 2,769,Phường Thủ Thiêm,27118,Phường,,Phường Thủ Thiêm Quận 2 Thành phố Hồ Chí Minh
134,Thành phố Hồ Chí Minh,79,Quận 3,770,Phường 08,27121,Phường,,Phường 08 Quận 3 Thành phố Hồ Chí Minh
135,Thành phố Hồ Chí Minh,79,Quận 3,770,Phường 07,27124,Phường,,Phường 07 Quận 3 Thành phố Hồ Chí Minh
136,Thành phố Hồ Chí Minh,79,Quận 3,770,Phường 14,27127,Phường,,Phường 14 Quận 3 Thành phố Hồ Chí Minh
137,Thành phố Hồ Chí Minh,79,Quận 3,770,Phường 12,27130,Phường,,Phường 12 Quận 3 Thành phố Hồ Chí Minh
138,Thành phố Hồ Chí Minh,79,Quận 3,770,Phường 11,27133,Phường,,Phường 11 Quận 3 Thành phố Hồ Chí Minh
139,Thành phố Hồ Chí Minh,79,Quận 3,770,Phường 13,27136,Phường,,Phường 13 Quận 3 Thành phố Hồ Chí Minh
140,Thành phố Hồ Chí Minh,79,Quận 3,770,Phường 06,27139,Phường,,Phường 06 Quận 3 Thành phố Hồ Chí Minh
141,Thành phố Hồ Chí Minh,79,Quận 3,770,Phường 09,27142,Phường,,Phường 09 Quận 3 Thành phố Hồ Chí Minh
142,Thành phố Hồ Chí Minh,79,Quận 3,770,Phường 10,27145,Phường,,Phường 10 Quận 3 Thành phố Hồ Chí Minh
143,Thành phố Hồ Chí Minh,79,Quận 3,770,Phường 04,27148,Phường,,Phường 04 Quận 3 Thành phố Hồ Chí Minh
144,Thành phố Hồ Chí Minh,79,Quận 3,770,Phường 05,27151,Phường,,Phường 05 Quận 3 Thành phố Hồ Chí Minh
145,Thành phố Hồ Chí Minh,79,Quận 3,770,Phường 03,27154,Phường,,Phường 03 Quận 3 Thành phố Hồ Chí Minh
146,Thành phố Hồ Chí Minh,79,Quận 3,770,Phường 02,27157,Phường,,Phường 02 Quận 3 Thành phố Hồ Chí Minh
147,Thành phố Hồ Chí Minh,79,Quận 3,770,Phường 01,27160,Phường,,Phường 01 Quận 3 Thành phố Hồ Chí Minh
148,Thành phố Hồ Chí Minh,79,Quận 10,771,Phường 15,27163,Phường,,Phường 15 Quận 10 Thành phố Hồ Chí Minh
149,Thành phố Hồ Chí Minh,79,Quận 10,771,Phường 13,27166,Phường,,Phường 13 Quận 10 Thành phố Hồ Chí Minh
150,Thành phố Hồ Chí Minh,79,Quận 10,771,Phường 14,27169,Phường,,Phường 14 Quận 10 Thành phố Hồ Chí Minh
151,Thành phố Hồ Chí Minh,79,Quận 10,771,Phường 12,27172,Phường,,Phường 12 Quận 10 Thành phố Hồ Chí Minh
152,Thành phố Hồ Chí Minh,79,Quận 10,771,Phường 11,27175,Phường,,Phường 11 Quận 10 Thành phố Hồ Chí Minh
153,Thành phố Hồ Chí Minh,79,Quận 10,771,Phường 10,27178,Phường,,Phường 10 Quận 10 Thành phố Hồ Chí Minh
154,Thành phố Hồ Chí Minh,79,Quận 10,771,Phường 09,27181,Phường,,Phường 09 Quận 10 Thành phố Hồ Chí Minh
155,Thành phố Hồ Chí Minh,79,Quận 10,771,Phường 01,27184,Phường,,Phường 01 Quận 10 Thành phố Hồ Chí Minh
156,Thành phố Hồ Chí Minh,79,Quận 10,771,Phường 08,27187,Phường,,Phường 08 Quận 10 Thành phố Hồ Chí Minh
157,Thành phố Hồ Chí Minh,79,Quận 10,771,Phường 02,27190,Phường,,Phường 02 Quận 10 Thành phố Hồ Chí Minh
158,Thành phố Hồ Chí Minh,79,Quận 10,771,Phường 04,27193,Phường,,Phường 04 Quận 10 Thành phố Hồ Chí Minh
159,Thành phố Hồ Chí Minh,79,Quận 10,771,Phường 07,27196,Phường,,Phường 07 Quận 10 Thành phố Hồ Chí Minh
160,Thành phố Hồ Chí Minh,79,Quận 10,771,Phường 05,27199,Phường,,Phường 05 Quận 10 Thành phố Hồ Chí Minh
161,Thành phố Hồ Chí Minh,79,Quận 10,771,Phường 06,27202,Phường,,Phường 06 Quận 10 Thành phố Hồ Chí Minh
162,Thành phố Hồ Chí Minh,79,Quận 10,771,Phường 03,27205,Phường,,Phường 03 Quận 10 Thành phố Hồ Chí Minh
163,Thành phố Hồ Chí Minh,79,Quận 11,772,Phường 15,27208,Phường,,Phường 15 Quận 11 Thành phố Hồ Chí Minh
164,Thành phố Hồ Chí Minh,79,Quận 11,772,Phường 05,27211,Phường,,Phường 05 Quận 11 Thành phố Hồ Chí Minh
165,Thành phố Hồ Chí Minh,79,Quận 11,772,Phường 14,27214,Phường,,Phường 14 Quận 11 Thành phố Hồ Chí Minh
166,Thành phố Hồ Chí Minh,79,Quận 11,772,Phường 11,27217,Phường,,Phường 11 Quận 11 Thành phố Hồ Chí Minh
167,Thành phố Hồ Chí Minh,79,Quận 11,772,Phường 03,27220,Phường,,Phường 03 Quận 11 Thành phố Hồ Chí Minh
168,Thành phố Hồ Chí Minh,79,Quận 11,772,Phường 10,27223,Phường,,Phường 10 Quận 11 Thành phố Hồ Chí Minh
169,Thành phố Hồ Chí Minh,79,Quận 11,772,Phường 13,27226,Phường,,Phường 13 Quận 11 Thành phố Hồ Chí Minh
170,Thành phố Hồ Chí Minh,79,Quận 11,772,Phường 08,27229,Phường,,Phường 08 Quận 11 Thành phố Hồ Chí Minh
171,Thành phố Hồ Chí Minh,79,Quận 11,772,Phường 09,27232,Phường,,Phường 09 Quận 11 Thành phố Hồ Chí Minh
172,Thành phố Hồ Chí Minh,79,Quận 11,772,Phường 12,27235,Phường,,Phường 12 Quận 11 Thành phố Hồ Chí Minh
173,Thành phố Hồ Chí Minh,79,Quận 11,772,Phường 07,27238,Phường,,Phường 07 Quận 11 Thành phố Hồ Chí Minh
174,Thành phố Hồ Chí Minh,79,Quận 11,772,Phường 06,27241,Phường,,Phường 06 Quận 11 Thành phố Hồ Chí Minh
175,Thành phố Hồ Chí Minh,79,Quận 11,772,Phường 04,27244,Phường,,Phường 04 Quận 11 Thành phố Hồ Chí Minh
176,Thành phố Hồ Chí Minh,79,Quận 11,772,Phường 01,27247,Phường,,Phường 01 Quận 11 Thành phố Hồ Chí Minh
177,Thành phố Hồ Chí Minh,79,Quận 11,772,Phường 02,27250,Phường,,Phường 02 Quận 11 Thành phố Hồ Chí Minh
178,Thành phố Hồ Chí Minh,79,Quận 11,772,Phường 16,27253,Phường,,Phường 16 Quận 11 Thành phố Hồ Chí Minh
179,Thành phố Hồ Chí Minh,79,Quận 4,773,Phường 12,27256,Phường,,Phường 12 Quận 4 Thành phố Hồ Chí Minh
180,Thành phố Hồ Chí Minh,79,Quận 4,773,Phường 13,27259,Phường,,Phường 13 Quận 4 Thành phố Hồ Chí Minh
181,Thành phố Hồ Chí Minh,79,Quận 4,773,Phường 09,27262,Phường,,Phường 09 Quận 4 Thành phố Hồ Chí Minh
182,Thành phố Hồ Chí Minh,79,Quận 4,773,Phường 06,27265,Phường,,Phường 06 Quận 4 Thành phố Hồ Chí Minh
183,Thành phố Hồ Chí Minh,79,Quận 4,773,Phường 08,27268,Phường,,Phường 08 Quận 4 Thành phố Hồ Chí Minh
184,Thành phố Hồ Chí Minh,79,Quận 4,773,Phường 10,27271,Phường,,Phường 10 Quận 4 Thành phố Hồ Chí Minh
185,Thành phố Hồ Chí Minh,79,Quận 4,773,Phường 05,27274,Phường,,Phường 05 Quận 4 Thành phố Hồ Chí Minh
186,Thành phố Hồ Chí Minh,79,Quận 4,773,Phường 18,27277,Phường,,Phường 18 Quận 4 Thành phố Hồ Chí Minh
187,Thành phố Hồ Chí Minh,79,Quận 4,773,Phường 14,27280,Phường,,Phường 14 Quận 4 Thành phố Hồ Chí Minh
188,Thành phố Hồ Chí Minh,79,Quận 4,773,Phường 04,27283,Phường,,Phường 04 Quận 4 Thành phố Hồ Chí Minh
189,Thành phố Hồ Chí Minh,79,Quận 4,773,Phường 03,27286,Phường,,Phường 03 Quận 4 Thành phố Hồ Chí Minh
190,Thành phố Hồ Chí Minh,79,Quận 4,773,Phường 16,27289,Phường,,Phường 16 Quận 4 Thành phố Hồ Chí Minh
191,Thành phố Hồ Chí Minh,79,Quận 4,773,Phường 02,27292,Phường,,Phường 02 Quận 4 Thành phố Hồ Chí Minh
192,Thành phố Hồ Chí Minh,79,Quận 4,773,Phường 15,27295,Phường,,Phường 15 Quận 4 Thành phố Hồ Chí Minh
193,Thành phố Hồ Chí Minh,79,Quận 4,773,Phường 01,27298,Phường,,Phường 01 Quận 4 Thành phố Hồ Chí Minh
194,Thành phố Hồ Chí Minh,79,Quận 5,774,Phường 04,27301,Phường,,Phường 04 Quận 5 Thành phố Hồ Chí Minh
195,Thành phố Hồ Chí Minh,79,Quận 5,774,Phường 09,27304,Phường,,Phường 09 Quận 5 Thành phố Hồ Chí Minh
196,Thành phố Hồ Chí Minh,79,Quận 5,774,Phường 03,27307,Phường,,Phường 03 Quận 5 Thành phố Hồ Chí Minh
197,Thành phố Hồ Chí Minh,79,Quận 5,774,Phường 12,27310,Phường,,Phường 12 Quận 5 Thành phố Hồ Chí Minh
198,Thành phố Hồ Chí Minh,79,Quận 5,774,Phường 02,27313,Phường,,Phường 02 Quận 5 Thành phố Hồ Chí Minh
199,Thành phố Hồ Chí Minh,79,Quận 5,774,Phường 08,27316,Phường,,Phường 08 Quận 5 Thành phố Hồ Chí Minh
200,Thành phố Hồ Chí Minh,79,Quận 5,774,Phường 15,27319,Phường,,Phường 15 Quận 5 Thành phố Hồ Chí Minh
201,Thành phố Hồ Chí Minh,79,Quận 5,774,Phường 07,27322,Phường,,Phường 07 Quận 5 Thành phố Hồ Chí Minh
202,Thành phố Hồ Chí Minh,79,Quận 5,774,Phường 01,27325,Phường,,Phường 01 Quận 5 Thành phố Hồ Chí Minh
203,Thành phố Hồ Chí Minh,79,Quận 5,774,Phường 11,27328,Phường,,Phường 11 Quận 5 Thành phố Hồ Chí Minh
204,Thành phố Hồ Chí Minh,79,Quận 5,774,Phường 14,27331,Phường,,Phường 14 Quận 5 Thành phố Hồ Chí Minh
205,Thành phố Hồ Chí Minh,79,Quận 5,774,Phường 05,27334,Phường,,Phường 05 Quận 5 Thành phố Hồ Chí Minh
206,Thành phố Hồ Chí Minh,79,Quận 5,774,Phường 06,27337,Phường,,Phường 06 Quận 5 Thành phố Hồ Chí Minh
207,Thành phố Hồ Chí Minh,79,Quận 5,774,Phường 10,27340,Phường,,Phường 10 Quận 5 Thành phố Hồ Chí Minh
208,Thành phố Hồ Chí Minh,79,Quận 5,774,Phường 13,27343,Phường,,Phường 13 Quận 5 Thành phố Hồ Chí Minh
209,Thành phố Hồ Chí Minh,79,Quận 6,775,Phường 14,27346,Phường,,Phường 14 Quận 6 Thành phố Hồ Chí Minh
210,Thành phố Hồ Chí Minh,79,Quận 6,775,Phường 13,27349,Phường,,Phường 13 Quận 6 Thành phố Hồ Chí Minh
211,Thành phố Hồ Chí Minh,79,Quận 6,775,Phường 09,27352,Phường,,Phường 09 Quận 6 Thành phố Hồ Chí Minh
212,Thành phố Hồ Chí Minh,79,Quận 6,775,Phường 06,27355,Phường,,Phường 06 Quận 6 Thành phố Hồ Chí Minh
213,Thành phố Hồ Chí Minh,79,Quận 6,775,Phường 12,27358,Phường,,Phường 12 Quận 6 Thành phố Hồ Chí Minh
214,Thành phố Hồ Chí Minh,79,Quận 6,775,Phường 05,27361,Phường,,Phường 05 Quận 6 Thành phố Hồ Chí Minh
215,Thành phố Hồ Chí Minh,79,Quận 6,775,Phường 11,27364,Phường,,Phường 11 Quận 6 Thành phố Hồ Chí Minh
216,Thành phố Hồ Chí Minh,79,Quận 6,775,Phường 02,27367,Phường,,Phường 02 Quận 6 Thành phố Hồ Chí Minh
217,Thành phố Hồ Chí Minh,79,Quận 6,775,Phường 01,27370,Phường,,Phường 01 Quận 6 Thành phố Hồ Chí Minh
218,Thành phố Hồ Chí Minh,79,Quận 6,775,Phường 04,27373,Phường,,Phường 04 Quận 6 Thành phố Hồ Chí Minh
219,Thành phố Hồ Chí Minh,79,Quận 6,775,Phường 08,27376,Phường,,Phường 08 Quận 6 Thành phố Hồ Chí Minh
220,Thành phố Hồ Chí Minh,79,Quận 6,775,Phường 03,27379,Phường,,Phường 03 Quận 6 Thành phố Hồ Chí Minh
221,Thành phố Hồ Chí Minh,79,Quận 6,775,Phường 07,27382,Phường,,Phường 07 Quận 6 Thành phố Hồ Chí Minh
222,Thành phố Hồ Chí Minh,79,Quận 6,775,Phường 10,27385,Phường,,Phường 10 Quận 6 Thành phố Hồ Chí Minh
223,Thành phố Hồ Chí Minh,79,Quận 8,776,Phường 08,27388,Phường,,Phường 08 Quận 8 Thành phố Hồ Chí Minh
224,Thành phố Hồ Chí Minh,79,Quận 8,776,Phường 02,27391,Phường,,Phường 02 Quận 8 Thành phố Hồ Chí Minh
225,Thành phố Hồ Chí Minh,79,Quận 8,776,Phường 01,27394,Phường,,Phường 01 Quận 8 Thành phố Hồ Chí Minh
226,Thành phố Hồ Chí Minh,79,Quận 8,776,Phường 03,27397,Phường,,Phường 03 Quận 8 Thành phố Hồ Chí Minh
227,Thành phố Hồ Chí Minh,79,Quận 8,776,Phường 11,27400,Phường,,Phường 11 Quận 8 Thành phố Hồ Chí Minh
228,Thành phố Hồ Chí Minh,79,Quận 8,776,Phường 09,27403,Phường,,Phường 09 Quận 8 Thành phố Hồ Chí Minh
229,Thành phố Hồ Chí Minh,79,Quận 8,776,Phường 10,27406,Phường,,Phường 10 Quận 8 Thành phố Hồ Chí Minh
230,Thành phố Hồ Chí Minh,79,Quận 8,776,Phường 04,27409,Phường,,Phường 04 Quận 8 Thành phố Hồ Chí Minh
231,Thành phố Hồ Chí Minh,79,Quận 8,776,Phường 13,27412,Phường,,Phường 13 Quận 8 Thành phố Hồ Chí Minh
232,Thành phố Hồ Chí Minh,79,Quận 8,776,Phường 12,27415,Phường,,Phường 12 Quận 8 Thành phố Hồ Chí Minh
233,Thành phố Hồ Chí Minh,79,Quận 8,776,Phường 05,27418,Phường,,Phường 05 Quận 8 Thành phố Hồ Chí Minh
234,Thành phố Hồ Chí Minh,79,Quận 8,776,Phường 14,27421,Phường,,Phường 14 Quận 8 Thành phố Hồ Chí Minh
235,Thành phố Hồ Chí Minh,79,Quận 8,776,Phường 06,27424,Phường,,Phường 06 Quận 8 Thành phố Hồ Chí Minh
236,Thành phố Hồ Chí Minh,79,Quận 8,776,Phường 15,27427,Phường,,Phường 15 Quận 8 Thành phố Hồ Chí Minh
237,Thành phố Hồ Chí Minh,79,Quận 8,776,Phường 16,27430,Phường,,Phường 16 Quận 8 Thành phố Hồ Chí Minh
238,Thành phố Hồ Chí Minh,79,Quận 8,776,Phường 07,27433,Phường,,Phường 07 Quận 8 Thành phố Hồ Chí Minh
239,Thành phố Hồ Chí Minh,79,Quận Bình Tân,777,Phường Bình Hưng Hòa,27436,Phường,,Phường Bình Hưng Hòa Quận Bình Tân Thành phố Hồ Chí Minh
240,Thành phố Hồ Chí Minh,79,Quận Bình Tân,777,Phường Bình Hưng Hoà A,27439,Phường,,Phường Bình Hưng Hoà A Quận Bình Tân Thành phố Hồ Chí Minh
241,Thành phố Hồ Chí Minh,79,Quận Bình Tân,777,Phường Bình Hưng Hoà B,27442,Phường,,Phường Bình Hưng Hoà B Quận Bình Tân Thành phố Hồ Chí Minh
242,Thành phố Hồ Chí Minh,79,Quận Bình Tân,777,Phường Bình Trị Đông,27445,Phường,,Phường Bình Trị Đông Quận Bình Tân Thành phố Hồ Chí Minh
243,Thành phố Hồ Chí Minh,79,Quận Bình Tân,777,Phường Bình Trị Đông A,27448,Phường,,Phường Bình Trị Đông A Quận Bình Tân Thành phố Hồ Chí Minh
244,Thành phố Hồ Chí Minh,79,Quận Bình Tân,777,Phường Bình Trị Đông B,27451,Phường,,Phường Bình Trị Đông B Quận Bình Tân Thành phố Hồ Chí Minh
245,Thành phố Hồ Chí Minh,79,Quận Bình Tân,777,Phường Tân Tạo,27454,Phường,,Phường Tân Tạo Quận Bình Tân Thành phố Hồ Chí Minh
246,Thành phố Hồ Chí Minh,79,Quận Bình Tân,777,Phường Tân Tạo A,27457,Phường,,Phường Tân Tạo A Quận Bình Tân Thành phố Hồ Chí Minh
247,Thành phố Hồ Chí Minh,79,Quận Bình Tân,777,Phường  An Lạc,27460,Phường,,Phường  An Lạc Quận Bình Tân Thành phố Hồ Chí Minh
248,Thành phố Hồ Chí Minh,79,Quận Bình Tân,777,Phường An Lạc A,27463,Phường,,Phường An Lạc A Quận Bình Tân Thành phố Hồ Chí Minh
249,Thành phố Hồ Chí Minh,79,Quận 7,778,Phường Tân Thuận Đông,27466,Phường,,Phường Tân Thuận Đông Quận 7 Thành phố Hồ Chí Minh
250,Thành phố Hồ Chí Minh,79,Quận 7,778,Phường Tân Thuận Tây,27469,Phường,,Phường Tân Thuận Tây Quận 7 Thành phố Hồ Chí Minh
251,Thành phố Hồ Chí Minh,79,Quận 7,778,Phường Tân Kiểng,27472,Phường,,Phường Tân Kiểng Quận 7 Thành phố Hồ Chí Minh
252,Thành phố Hồ Chí Minh,79,Quận 7,778,Phường Tân Hưng,27475,Phường,,Phường Tân Hưng Quận 7 Thành phố Hồ Chí Minh
253,Thành phố Hồ Chí Minh,79,Quận 7,778,Phường Bình Thuận,27478,Phường,,Phường Bình Thuận Quận 7 Thành phố Hồ Chí Minh
254,Thành phố Hồ Chí Minh,79,Quận 7,778,Phường Tân Quy,27481,Phường,,Phường Tân Quy Quận 7 Thành phố Hồ Chí Minh
255,Thành phố Hồ Chí Minh,79,Quận 7,778,Phường Phú Thuận,27484,Phường,,Phường Phú Thuận Quận 7 Thành phố Hồ Chí Minh
256,Thành phố Hồ Chí Minh,79,Quận 7,778,Phường Tân Phú,27487,Phường,,Phường Tân Phú Quận 7 Thành phố Hồ Chí Minh
257,Thành phố Hồ Chí Minh,79,Quận 7,778,Phường Tân Phong,27490,Phường,,Phường Tân Phong Quận 7 Thành phố Hồ Chí Minh
258,Thành phố Hồ Chí Minh,79,Quận 7,778,Phường Phú Mỹ,27493,Phường,,Phường Phú Mỹ Quận 7 Thành phố Hồ Chí Minh
259,Thành phố Hồ Chí Minh,79,Huyện Củ Chi,783,Thị trấn Củ Chi,27496,Thị trấn,,Thị trấn Củ Chi Huyện Củ Chi Thành phố Hồ Chí Minh
260,Thành phố Hồ Chí Minh,79,Huyện Củ Chi,783,Xã Phú Mỹ Hưng,27499,Xã,,Xã Phú Mỹ Hưng Huyện Củ Chi Thành phố Hồ Chí Minh
261,Thành phố Hồ Chí Minh,79,Huyện Củ Chi,783,Xã An Phú,27502,Xã,,Xã An Phú Huyện Củ Chi Thành phố Hồ Chí Minh
262,Thành phố Hồ Chí Minh,79,Huyện Củ Chi,783,Xã Trung Lập Thượng,27505,Xã,,Xã Trung Lập Thượng Huyện Củ Chi Thành phố Hồ Chí Minh
263,Thành phố Hồ Chí Minh,79,Huyện Củ Chi,783,Xã An Nhơn Tây,27508,Xã,,Xã An Nhơn Tây Huyện Củ Chi Thành phố Hồ Chí Minh
264,Thành phố Hồ Chí Minh,79,Huyện Củ Chi,783,Xã Nhuận Đức,27511,Xã,,Xã Nhuận Đức Huyện Củ Chi Thành phố Hồ Chí Minh
265,Thành phố Hồ Chí Minh,79,Huyện Củ Chi,783,Xã Phạm Văn Cội,27514,Xã,,Xã Phạm Văn Cội Huyện Củ Chi Thành phố Hồ Chí Minh
266,Thành phố Hồ Chí Minh,79,Huyện Củ Chi,783,Xã Phú Hòa Đông,27517,Xã,,Xã Phú Hòa Đông Huyện Củ Chi Thành phố Hồ Chí Minh
267,Thành phố Hồ Chí Minh,79,Huyện Củ Chi,783,Xã Trung Lập Hạ,27520,Xã,,Xã Trung Lập Hạ Huyện Củ Chi Thành phố Hồ Chí Minh
268,Thành phố Hồ Chí Minh,79,Huyện Củ Chi,783,Xã Trung An,27523,Xã,,Xã Trung An Huyện Củ Chi Thành phố Hồ Chí Minh
269,Thành phố Hồ Chí Minh,79,Huyện Củ Chi,783,Xã Phước Thạnh,27526,Xã,,Xã Phước Thạnh Huyện Củ Chi Thành phố Hồ Chí Minh
270,Thành phố Hồ Chí Minh,79,Huyện Củ Chi,783,Xã Phước Hiệp,27529,Xã,,Xã Phước Hiệp Huyện Củ Chi Thành phố Hồ Chí Minh
271,Thành phố Hồ Chí Minh,79,Huyện Củ Chi,783,Xã Tân An Hội,27532,Xã,,Xã Tân An Hội Huyện Củ Chi Thành phố Hồ Chí Minh
272,Thành phố Hồ Chí Minh,79,Huyện Củ Chi,783,Xã Phước Vĩnh An,27535,Xã,,Xã Phước Vĩnh An Huyện Củ Chi Thành phố Hồ Chí Minh
273,Thành phố Hồ Chí Minh,79,Huyện Củ Chi,783,Xã Thái Mỹ,27538,Xã,,Xã Thái Mỹ Huyện Củ Chi Thành phố Hồ Chí Minh
274,Thành phố Hồ Chí Minh,79,Huyện Củ Chi,783,Xã Tân Thạnh Tây,27541,Xã,,Xã Tân Thạnh Tây Huyện Củ Chi Thành phố Hồ Chí Minh
275,Thành phố Hồ Chí Minh,79,Huyện Củ Chi,783,Xã Hòa Phú,27544,Xã,,Xã Hòa Phú Huyện Củ Chi Thành phố Hồ Chí Minh
276,Thành phố Hồ Chí Minh,79,Huyện Củ Chi,783,Xã Tân Thạnh Đông,27547,Xã,,Xã Tân Thạnh Đông Huyện Củ Chi Thành phố Hồ Chí Minh
277,Thành phố Hồ Chí Minh,79,Huyện Củ Chi,783,Xã Bình Mỹ,27550,Xã,,Xã Bình Mỹ Huyện Củ Chi Thành phố Hồ Chí Minh
278,Thành phố Hồ Chí Minh,79,Huyện Củ Chi,783,Xã Tân Phú Trung,27553,Xã,,Xã Tân Phú Trung Huyện Củ Chi Thành phố Hồ Chí Minh
279,Thành phố Hồ Chí Minh,79,Huyện Củ Chi,783,Xã Tân Thông Hội,27556,Xã,,Xã Tân Thông Hội Huyện Củ Chi Thành phố Hồ Chí Minh
280,Thành phố Hồ Chí Minh,79,Huyện Hóc Môn,784,Thị trấn Hóc Môn,27559,Thị trấn,,Thị trấn Hóc Môn Huyện Hóc Môn Thành phố Hồ Chí Minh
281,Thành phố Hồ Chí Minh,79,Huyện Hóc Môn,784,Xã Tân Hiệp,27562,Xã,,Xã Tân Hiệp Huyện Hóc Môn Thành phố Hồ Chí Minh
282,Thành phố Hồ Chí Minh,79,Huyện Hóc Môn,784,Xã Nhị Bình,27565,Xã,,Xã Nhị Bình Huyện Hóc Môn Thành phố Hồ Chí Minh
283,Thành phố Hồ Chí Minh,79,Huyện Hóc Môn,784,Xã Đông Thạnh,27568,Xã,,Xã Đông Thạnh Huyện Hóc Môn Thành phố Hồ Chí Minh
284,Thành phố Hồ Chí Minh,79,Huyện Hóc Môn,784,Xã Tân Thới Nhì,27571,Xã,,Xã Tân Thới Nhì Huyện Hóc Môn Thành phố Hồ Chí Minh
285,Thành phố Hồ Chí Minh,79,Huyện Hóc Môn,784,Xã Thới Tam Thôn,27574,Xã,,Xã Thới Tam Thôn Huyện Hóc Môn Thành phố Hồ Chí Minh
286,Thành phố Hồ Chí Minh,79,Huyện Hóc Môn,784,Xã Xuân Thới Sơn,27577,Xã,,Xã Xuân Thới Sơn Huyện Hóc Môn Thành phố Hồ Chí Minh
287,Thành phố Hồ Chí Minh,79,Huyện Hóc Môn,784,Xã Tân Xuân,27580,Xã,,Xã Tân Xuân Huyện Hóc Môn Thành phố Hồ Chí Minh
288,Thành phố Hồ Chí Minh,79,Huyện Hóc Môn,784,Xã Xuân Thới Đông,27583,Xã,,Xã Xuân Thới Đông Huyện Hóc Môn Thành phố Hồ Chí Minh
289,Thành phố Hồ Chí Minh,79,Huyện Hóc Môn,784,Xã Trung Chánh,27586,Xã,,Xã Trung Chánh Huyện Hóc Môn Thành phố Hồ Chí Minh
290,Thành phố Hồ Chí Minh,79,Huyện Hóc Môn,784,Xã Xuân Thới Thượng,27589,Xã,,Xã Xuân Thới Thượng Huyện Hóc Môn Thành phố Hồ Chí Minh
291,Thành phố Hồ Chí Minh,79,Huyện Hóc Môn,784,Xã Bà Điểm,27592,Xã,,Xã Bà Điểm Huyện Hóc Môn Thành phố Hồ Chí Minh
292,Thành phố Hồ Chí Minh,79,Huyện Bình Chánh,785,Thị trấn Tân Túc,27595,Thị trấn,,Thị trấn Tân Túc Huyện Bình Chánh Thành phố Hồ Chí Minh
293,Thành phố Hồ Chí Minh,79,Huyện Bình Chánh,785,Xã Phạm Văn Hai,27598,Xã,,Xã Phạm Văn Hai Huyện Bình Chánh Thành phố Hồ Chí Minh
294,Thành phố Hồ Chí Minh,79,Huyện Bình Chánh,785,Xã Vĩnh Lộc A,27601,Xã,,Xã Vĩnh Lộc A Huyện Bình Chánh Thành phố Hồ Chí Minh
295,Thành phố Hồ Chí Minh,79,Huyện Bình Chánh,785,Xã Vĩnh Lộc B,27604,Xã,,Xã Vĩnh Lộc B Huyện Bình Chánh Thành phố Hồ Chí Minh
296,Thành phố Hồ Chí Minh,79,Huyện Bình Chánh,785,Xã Bình Lợi,27607,Xã,,Xã Bình Lợi Huyện Bình Chánh Thành phố Hồ Chí Minh
297,Thành phố Hồ Chí Minh,79,Huyện Bình Chánh,785,Xã Lê Minh Xuân,27610,Xã,,Xã Lê Minh Xuân Huyện Bình Chánh Thành phố Hồ Chí Minh
298,Thành phố Hồ Chí Minh,79,Huyện Bình Chánh,785,Xã Tân Nhựt,27613,Xã,,Xã Tân Nhựt Huyện Bình Chánh Thành phố Hồ Chí Minh
299,Thành phố Hồ Chí Minh,79,Huyện Bình Chánh,785,Xã Tân Kiên,27616,Xã,,Xã Tân Kiên Huyện Bình Chánh Thành phố Hồ Chí Minh
300,Thành phố Hồ Chí Minh,79,Huyện Bình Chánh,785,Xã Bình Hưng,27619,Xã,,Xã Bình Hưng Huyện Bình Chánh Thành phố Hồ Chí Minh
301,Thành phố Hồ Chí Minh,79,Huyện Bình Chánh,785,Xã Phong Phú,27622,Xã,,Xã Phong Phú Huyện Bình Chánh Thành phố Hồ Chí Minh
302,Thành phố Hồ Chí Minh,79,Huyện Bình Chánh,785,Xã An Phú Tây,27625,Xã,,Xã An Phú Tây Huyện Bình Chánh Thành phố Hồ Chí Minh
303,Thành phố Hồ Chí Minh,79,Huyện Bình Chánh,785,Xã Hưng Long,27628,Xã,,Xã Hưng Long Huyện Bình Chánh Thành phố Hồ Chí Minh
304,Thành phố Hồ Chí Minh,79,Huyện Bình Chánh,785,Xã Đa Phước,27631,Xã,,Xã Đa Phước Huyện Bình Chánh Thành phố Hồ Chí Minh
305,Thành phố Hồ Chí Minh,79,Huyện Bình Chánh,785,Xã Tân Quý Tây,27634,Xã,,Xã Tân Quý Tây Huyện Bình Chánh Thành phố Hồ Chí Minh
306,Thành phố Hồ Chí Minh,79,Huyện Bình Chánh,785,Xã Bình Chánh,27637,Xã,,Xã Bình Chánh Huyện Bình Chánh Thành phố Hồ Chí Minh
307,Thành phố Hồ Chí Minh,79,Huyện Bình Chánh,785,Xã Quy Đức,27640,Xã,,Xã Quy Đức Huyện Bình Chánh Thành phố Hồ Chí Minh
308,Thành phố Hồ Chí Minh,79,Huyện Nhà Bè,786,Thị trấn Nhà Bè,27643,Thị trấn,,Thị trấn Nhà Bè Huyện Nhà Bè Thành phố Hồ Chí Minh
309,Thành phố Hồ Chí Minh,79,Huyện Nhà Bè,786,Xã Phước Kiển,27646,Xã,,Xã Phước Kiển Huyện Nhà Bè Thành phố Hồ Chí Minh
310,Thành phố Hồ Chí Minh,79,Huyện Nhà Bè,786,Xã Phước Lộc,27649,Xã,,Xã Phước Lộc Huyện Nhà Bè Thành phố Hồ Chí Minh
311,Thành phố Hồ Chí Minh,79,Huyện Nhà Bè,786,Xã Nhơn Đức,27652,Xã,,Xã Nhơn Đức Huyện Nhà Bè Thành phố Hồ Chí Minh
312,Thành phố Hồ Chí Minh,79,Huyện Nhà Bè,786,Xã Phú Xuân,27655,Xã,,Xã Phú Xuân Huyện Nhà Bè Thành phố Hồ Chí Minh
313,Thành phố Hồ Chí Minh,79,Huyện Nhà Bè,786,Xã Long Thới,27658,Xã,,Xã Long Thới Huyện Nhà Bè Thành phố Hồ Chí Minh
314,Thành phố Hồ Chí Minh,79,Huyện Nhà Bè,786,Xã Hiệp Phước,27661,Xã,,Xã Hiệp Phước Huyện Nhà Bè Thành phố Hồ Chí Minh
315,Thành phố Hồ Chí Minh,79,Huyện Cần Giờ,787,Thị trấn Cần Thạnh,27664,Thị trấn,,Thị trấn Cần Thạnh Huyện Cần Giờ Thành phố Hồ Chí Minh
316,Thành phố Hồ Chí Minh,79,Huyện Cần Giờ,787,Xã Bình Khánh,27667,Xã,,Xã Bình Khánh Huyện Cần Giờ Thành phố Hồ Chí Minh
317,Thành phố Hồ Chí Minh,79,Huyện Cần Giờ,787,Xã Tam Thôn Hiệp,27670,Xã,,Xã Tam Thôn Hiệp Huyện Cần Giờ Thành phố Hồ Chí Minh
318,Thành phố Hồ Chí Minh,79,Huyện Cần Giờ,787,Xã An Thới Đông,27673,Xã,,Xã An Thới Đông Huyện Cần Giờ Thành phố Hồ Chí Minh
319,Thành phố Hồ Chí Minh,79,Huyện Cần Giờ,787,Xã Thạnh An,27676,Xã,,Xã Thạnh An Huyện Cần Giờ Thành phố Hồ Chí Minh
320,Thành phố Hồ Chí Minh,79,Huyện Cần Giờ,787,Xã Long Hòa,27679,Xã,,Xã Long Hòa Huyện Cần Giờ Thành phố Hồ Chí Minh
321,Thành phố Hồ Chí Minh,79,Huyện Cần Giờ,787,Xã Lý Nhơn,27682,Xã,,Xã Lý Nhơn Huyện Cần Giờ Thành phố Hồ Chí Minh
